position,eve_position_conservation
130,23.214920842105265
171,20.383458263157895
141,20.143611
245,19.954191568421052
282,19.522623089473683
347,19.361050284210524
345,19.202231978947367
279,19.147183136842106
213,19.00515745263158
250,18.863074157894737
