position,pssm_conservation
280,0.8963954760399634
176,0.8934872091394002
238,0.8900815096174294
281,0.8802029294046403
242,0.8787478509191488
257,0.8514155527595506
109,0.8273537053748453
275,0.8262305060480549
205,0.8250864126252171
278,0.8212040532495595
